<?xml version="1.0" encoding="UTF-8"?>
<project-private xmlns="http://www.netbeans.org/ns/project-private/1">
    <editor-bookmarks xmlns="http://www.netbeans.org/ns/editor-bookmarks/2" lastBookmarkId="0"/>
    <open-files xmlns="http://www.netbeans.org/ns/projectui-open-files/2">
        <group>
            <file>file:/D:/Universidad/Cursos/Programación%20Cliente%20Servidor%20Concurrente/ProyectoPrograCliente-Serrvidor/ProyectoProgramacionClienteServidor/src/proyectoprogramacionclienteservidor/Main.java</file>
            <file>file:/D:/Universidad/Cursos/Programación%20Cliente%20Servidor%20Concurrente/ProyectoPrograCliente-Serrvidor/ProyectoProgramacionClienteServidor/src/proyectoprogramacionclienteservidor/Person.java</file>
            <file>file:/D:/Universidad/Cursos/Programación%20Cliente%20Servidor%20Concurrente/ProyectoPrograCliente-Serrvidor/ProyectoProgramacionClienteServidor/src/proyectoprogramacionclienteservidor/Employee.java</file>
            <file>file:/D:/Universidad/Cursos/Programación%20Cliente%20Servidor%20Concurrente/ProyectoPrograCliente-Serrvidor/ProyectoProgramacionClienteServidor/src/proyectoprogramacionclienteservidor/Animal.java</file>
            <file>file:/D:/Universidad/Cursos/Programación%20Cliente%20Servidor%20Concurrente/ProyectoPrograCliente-Serrvidor/ProyectoProgramacionClienteServidor/src/proyectoprogramacionclienteservidor/Treatment.java</file>
            <file>file:/D:/Universidad/Cursos/Programación%20Cliente%20Servidor%20Concurrente/ProyectoPrograCliente-Serrvidor/ProyectoProgramacionClienteServidor/src/proyectoprogramacionclienteservidor/Bookings.java</file>
            <file>file:/D:/Universidad/Cursos/Programación%20Cliente%20Servidor%20Concurrente/ProyectoPrograCliente-Serrvidor/ProyectoProgramacionClienteServidor/src/proyectoprogramacionclienteservidor/Customer.java</file>
            <file>file:/D:/Universidad/Cursos/Programación%20Cliente%20Servidor%20Concurrente/ProyectoPrograCliente-Serrvidor/ProyectoProgramacionClienteServidor/src/proyectoprogramacionclienteservidor/Cages.java</file>
            <file>file:/D:/Universidad/Cursos/Programación%20Cliente%20Servidor%20Concurrente/ProyectoPrograCliente-Serrvidor/ProyectoProgramacionClienteServidor/src/proyectoprogramacionclienteservidor/Clinic.java</file>
        </group>
    </open-files>
</project-private>
